_id,ano,codigo_federacao,nome_federacao,cod_municipio,municipio,esperanca_vida,mortalidade_infantil
685363016faa8226c1cfc435,2010,31,Minas Gerais,310010,Abadia dos Dourados,7535,1480
685363016faa8226c1cfc436,2010,31,Minas Gerais,310020,Abaeté,759,1400
685363016faa8226c1cfc437,2010,31,Minas Gerais,310030,Abre Campo,7436,1630
685363016faa8226c1cfc438,2010,31,Minas Gerais,310040,Acaiaca,7436,1630
685363016faa8226c1cfc439,2010,31,Minas Gerais,310050,Açucena,7566,1430
685363016faa8226c1cfc43a,2010,31,Minas Gerais,310060,Água Boa,7294,1870
685363016faa8226c1cfc43b,2010,31,Minas Gerais,310070,Água Comprida,7658,1300
685363016faa8226c1cfc43c,2010,31,Minas Gerais,310080,Aguanil,757,1430
685363016faa8226c1cfc43d,2010,31,Minas Gerais,310090,Águas Formosas,7363,1750
685363016faa8226c1cfc43e,2010,31,Minas Gerais,310100,Águas Vermelhas,7346,1780
685363016faa8226c1cfc43f,2010,31,Minas Gerais,310110,Aimorés,7358,1760
685363016faa8226c1cfc440,2010,31,Minas Gerais,310120,Aiuruoca,7723,1210
685363016faa8226c1cfc441,2010,31,Minas Gerais,310130,Alagoa,7493,1540
685363016faa8226c1cfc442,2010,31,Minas Gerais,310140,Albertina,7376,1730
685363016faa8226c1cfc443,2010,31,Minas Gerais,310150,Além Paraíba,7643,1320
685363016faa8226c1cfc444,2010,31,Minas Gerais,310160,Alfenas,7545,1460
685363016faa8226c1cfc445,2010,31,Minas Gerais,310163,Alfredo Vasconcelos,7501,1530
685363016faa8226c1cfc446,2010,31,Minas Gerais,310170,Almenara,7318,1830
685363016faa8226c1cfc447,2010,31,Minas Gerais,310180,Alpercata,7443,1620
685363016faa8226c1cfc448,2010,31,Minas Gerais,310190,Alpinópolis,7671,1280
685363016faa8226c1cfc449,2010,31,Minas Gerais,310200,Alterosa,7583,1410
685363016faa8226c1cfc44a,2010,31,Minas Gerais,310205,Alto Caparaó,7554,1450
685363016faa8226c1cfc44b,2010,31,Minas Gerais,310210,Alto Rio Doce,747,1580
685363016faa8226c1cfc44c,2010,31,Minas Gerais,310220,Alvarenga,7285,1880
685363016faa8226c1cfc44d,2010,31,Minas Gerais,310230,Alvinópolis,7434,1640
685363016faa8226c1cfc44e,2010,31,Minas Gerais,310240,Alvorada de Minas,7265,1920
685363016faa8226c1cfc44f,2010,31,Minas Gerais,310250,Amparo do Serra,7363,1750
685363016faa8226c1cfc450,2010,31,Minas Gerais,310260,Andradas,7769,1150
685363016faa8226c1cfc451,2010,31,Minas Gerais,310270,Cachoeira de Pajeú,7125,2180
685363016faa8226c1cfc452,2010,31,Minas Gerais,310280,Andrelândia,7406,1680
685363016faa8226c1cfc453,2010,31,Minas Gerais,310285,Angelândia,7036,2350
685363016faa8226c1cfc454,2010,31,Minas Gerais,310290,Antônio Carlos,753,1490
685363016faa8226c1cfc455,2010,31,Minas Gerais,310300,Antônio Dias,7593,1390
685363016faa8226c1cfc456,2010,31,Minas Gerais,310310,Antônio Prado de Minas,7479,1560
685363016faa8226c1cfc457,2010,31,Minas Gerais,310320,Araçaí,7328,1810
685363016faa8226c1cfc458,2010,31,Minas Gerais,310330,Aracitaba,7437,1630
685363016faa8226c1cfc459,2010,31,Minas Gerais,310340,Araçuaí,7427,1650
685363016faa8226c1cfc45a,2010,31,Minas Gerais,310350,Araguari,7728,1171
685363016faa8226c1cfc45b,2010,31,Minas Gerais,310360,Arantina,7505,1520
685363016faa8226c1cfc45c,2010,31,Minas Gerais,310370,Araponga,706,2310
685363016faa8226c1cfc45d,2010,31,Minas Gerais,310375,Araporã,7378,1730
685363016faa8226c1cfc45e,2010,31,Minas Gerais,310380,Arapuá,7727,1210
685363016faa8226c1cfc45f,2010,31,Minas Gerais,310390,Araújos,7627,1340
685363016faa8226c1cfc460,2010,31,Minas Gerais,310400,Araxá,7649,1310
685363016faa8226c1cfc461,2010,31,Minas Gerais,310410,Arceburgo,7361,1760
685363016faa8226c1cfc462,2010,31,Minas Gerais,310420,Arcos,7743,1180
685363016faa8226c1cfc463,2010,31,Minas Gerais,310430,Areado,7584,1410
685363016faa8226c1cfc464,2010,31,Minas Gerais,310440,Argirita,74,1690
685363016faa8226c1cfc465,2010,31,Minas Gerais,310445,Aricanduva,7222,2000
685363016faa8226c1cfc466,2010,31,Minas Gerais,310450,Arinos,7388,1710
685363016faa8226c1cfc467,2010,31,Minas Gerais,310460,Astolfo Dutra,765,1310
685363016faa8226c1cfc468,2010,31,Minas Gerais,310470,Ataléia,7377,1730
685363016faa8226c1cfc469,2010,31,Minas Gerais,310480,Augusto de Lima,739,1710
685363016faa8226c1cfc46a,2010,31,Minas Gerais,310490,Baependi,7497,1540
685363016faa8226c1cfc46b,2010,31,Minas Gerais,310500,Baldim,7221,2000
685363016faa8226c1cfc46c,2010,31,Minas Gerais,310510,Bambuí,772,1220
685363016faa8226c1cfc46d,2010,31,Minas Gerais,310520,Bandeira,7364,1750
685363016faa8226c1cfc46e,2010,31,Minas Gerais,310530,Bandeira do Sul,7314,1840
685363016faa8226c1cfc46f,2010,31,Minas Gerais,310540,Barão de Cocais,7646,1320
685363016faa8226c1cfc470,2010,31,Minas Gerais,310550,Barão de Monte Alto,7464,1590
685363016faa8226c1cfc471,2010,31,Minas Gerais,310560,Barbacena,7788,1053
685363016faa8226c1cfc472,2010,31,Minas Gerais,310570,Barra Longa,7436,1630
685363016faa8226c1cfc473,2010,31,Minas Gerais,310590,Barroso,7684,1260
685363016faa8226c1cfc474,2010,31,Minas Gerais,310600,Bela Vista de Minas,7272,1910
685363016faa8226c1cfc475,2010,31,Minas Gerais,310610,Belmiro Braga,7481,1560
685363016faa8226c1cfc476,2010,31,Minas Gerais,310620,Belo Horizonte,7637,1295
685363016faa8226c1cfc477,2010,31,Minas Gerais,310630,Belo Oriente,7377,1730
685363016faa8226c1cfc478,2010,31,Minas Gerais,310640,Belo Vale,7386,1710
685363016faa8226c1cfc479,2010,31,Minas Gerais,310650,Berilo,7397,1700
685363016faa8226c1cfc47a,2010,31,Minas Gerais,310660,Bertópolis,7296,1870
685363016faa8226c1cfc47b,2010,31,Minas Gerais,310665,Berizal,7041,2340
685363016faa8226c1cfc47c,2010,31,Minas Gerais,310670,Betim,7682,1268
685363016faa8226c1cfc47d,2010,31,Minas Gerais,310680,Bias Fortes,7275,1900
685363016faa8226c1cfc47e,2010,31,Minas Gerais,310690,Bicas,7599,1380
685363016faa8226c1cfc47f,2010,31,Minas Gerais,310700,Biquinhas,764,1330
685363016faa8226c1cfc480,2010,31,Minas Gerais,310710,Boa Esperança,7628,1340
685363016faa8226c1cfc481,2010,31,Minas Gerais,310720,Bocaina de Minas,7587,1400
685363016faa8226c1cfc482,2010,31,Minas Gerais,310730,Bocaiúva,7429,1640
685363016faa8226c1cfc483,2010,31,Minas Gerais,310740,Bom Despacho,7666,1290
685363016faa8226c1cfc484,2010,31,Minas Gerais,310750,Bom Jardim de Minas,7434,1640
685363016faa8226c1cfc485,2010,31,Minas Gerais,310760,Bom Jesus da Penha,7674,1280
685363016faa8226c1cfc486,2010,31,Minas Gerais,310770,Bom Jesus do Amparo,7501,1530
685363016faa8226c1cfc487,2010,31,Minas Gerais,310780,Bom Jesus do Galho,7301,1860
685363016faa8226c1cfc488,2010,31,Minas Gerais,310790,Bom Repouso,7425,1650
685363016faa8226c1cfc489,2010,31,Minas Gerais,310800,Bom Sucesso,7349,1780
685363016faa8226c1cfc48a,2010,31,Minas Gerais,310810,Bonfim,7501,1530
685363016faa8226c1cfc48b,2010,31,Minas Gerais,310820,Bonfinópolis de Minas,7273,1910
685363016faa8226c1cfc48c,2010,31,Minas Gerais,310825,Bonito de Minas,7157,2120
685363016faa8226c1cfc48d,2010,31,Minas Gerais,310830,Borda da Mata,7692,1250
685363016faa8226c1cfc48e,2010,31,Minas Gerais,310840,Botelhos,7707,1230
685363016faa8226c1cfc48f,2010,31,Minas Gerais,310850,Botumirim,7194,2050
685363016faa8226c1cfc490,2010,31,Minas Gerais,310855,Brasilândia de Minas,7587,1400
685363016faa8226c1cfc491,2010,31,Minas Gerais,310860,Brasília de Minas,7378,1730
685363016faa8226c1cfc492,2010,31,Minas Gerais,310870,Brás Pires,7303,1850
685363016faa8226c1cfc493,2010,31,Minas Gerais,310880,Braúnas,731,1840
685363016faa8226c1cfc494,2010,31,Minas Gerais,310890,Brasópolis,7545,1460
685363016faa8226c1cfc495,2010,31,Minas Gerais,310900,Brumadinho,7639,1330
685363016faa8226c1cfc496,2010,31,Minas Gerais,310910,Bueno Brandão,759,1400
685363016faa8226c1cfc497,2010,31,Minas Gerais,310920,Buenópolis,7274,1900
685363016faa8226c1cfc498,2010,31,Minas Gerais,310925,Bugre,7301,1860
685363016faa8226c1cfc499,2010,31,Minas Gerais,310930,Buritis,7388,1710
685363016faa8226c1cfc49a,2010,31,Minas Gerais,310940,Buritizeiro,7106,2220
685363016faa8226c1cfc49b,2010,31,Minas Gerais,310945,Cabeceira Grande,7225,1990
685363016faa8226c1cfc49c,2010,31,Minas Gerais,310950,Cabo Verde,7582,1410
685363016faa8226c1cfc49d,2010,31,Minas Gerais,310960,Cachoeira da Prata,7502,1530
685363016faa8226c1cfc49e,2010,31,Minas Gerais,310970,Cachoeira de Minas,7425,1650
685363016faa8226c1cfc49f,2010,31,Minas Gerais,310980,Cachoeira Dourada,7602,1380
685363016faa8226c1cfc4a0,2010,31,Minas Gerais,310990,Caetanópolis,7571,1420
685363016faa8226c1cfc4a1,2010,31,Minas Gerais,311000,Caeté,7562,1440
685363016faa8226c1cfc4a2,2010,31,Minas Gerais,311010,Caiana,7498,1540
685363016faa8226c1cfc4a3,2010,31,Minas Gerais,311020,Cajuri,7326,1810
685363016faa8226c1cfc4a4,2010,31,Minas Gerais,311030,Caldas,7735,1200
685363016faa8226c1cfc4a5,2010,31,Minas Gerais,311040,Camacho,7538,1480
685363016faa8226c1cfc4a6,2010,31,Minas Gerais,311050,Camanducaia,7522,1500
685363016faa8226c1cfc4a7,2010,31,Minas Gerais,311060,Cambuí,7733,1200
685363016faa8226c1cfc4a8,2010,31,Minas Gerais,311070,Cambuquira,7634,1330
685363016faa8226c1cfc4a9,2010,31,Minas Gerais,311080,Campanário,7485,1560
685363016faa8226c1cfc4aa,2010,31,Minas Gerais,311090,Campanha,7593,1390
685363016faa8226c1cfc4ab,2010,31,Minas Gerais,311100,Campestre,7559,1440
685363016faa8226c1cfc4ac,2010,31,Minas Gerais,311110,Campina Verde,7706,1230
685363016faa8226c1cfc4ad,2010,31,Minas Gerais,311115,Campo Azul,7296,1870
685363016faa8226c1cfc4ae,2010,31,Minas Gerais,311120,Campo Belo,771,1230
685363016faa8226c1cfc4af,2010,31,Minas Gerais,311130,Campo do Meio,7461,1590
685363016faa8226c1cfc4b0,2010,31,Minas Gerais,311140,Campo Florido,7646,1260
685363016faa8226c1cfc4b1,2010,31,Minas Gerais,311150,Campos Altos,7662,1300
685363016faa8226c1cfc4b2,2010,31,Minas Gerais,311160,Campos Gerais,7427,1650
685363016faa8226c1cfc4b3,2010,31,Minas Gerais,311170,Canaã,7288,1880
685363016faa8226c1cfc4b4,2010,31,Minas Gerais,311180,Canápolis,7732,1200
685363016faa8226c1cfc4b5,2010,31,Minas Gerais,311190,Cana Verde,7425,1650
685363016faa8226c1cfc4b6,2010,31,Minas Gerais,311200,Candeias,7481,1560
685363016faa8226c1cfc4b7,2010,31,Minas Gerais,311205,Cantagalo,7394,1700
685363016faa8226c1cfc4b8,2010,31,Minas Gerais,311210,Caparaó,7516,1510
685363016faa8226c1cfc4b9,2010,31,Minas Gerais,311220,Capela Nova,7284,1890
685363016faa8226c1cfc4ba,2010,31,Minas Gerais,311230,Capelinha,7441,1630
685363016faa8226c1cfc4bb,2010,31,Minas Gerais,311240,Capetinga,7588,1400
685363016faa8226c1cfc4bc,2010,31,Minas Gerais,311250,Capim Branco,7519,1500
685363016faa8226c1cfc4bd,2010,31,Minas Gerais,311260,Capinópolis,7547,1460
685363016faa8226c1cfc4be,2010,31,Minas Gerais,311265,Capitão Andrade,7328,1810
685363016faa8226c1cfc4bf,2010,31,Minas Gerais,311270,Capitão Enéas,7337,1800
685363016faa8226c1cfc4c0,2010,31,Minas Gerais,311280,Capitólio,7451,1610
685363016faa8226c1cfc4c1,2010,31,Minas Gerais,311290,Caputira,7353,1770
685363016faa8226c1cfc4c2,2010,31,Minas Gerais,311300,Caraí,7188,2060
685363016faa8226c1cfc4c3,2010,31,Minas Gerais,311310,Caranaíba,7344,1780
685363016faa8226c1cfc4c4,2010,31,Minas Gerais,311320,Carandaí,7427,1650
685363016faa8226c1cfc4c5,2010,31,Minas Gerais,311330,Carangola,7519,1500
685363016faa8226c1cfc4c6,2010,31,Minas Gerais,311340,Caratinga,7516,1510
685363016faa8226c1cfc4c7,2010,31,Minas Gerais,311350,Carbonita,7274,1900
685363016faa8226c1cfc4c8,2010,31,Minas Gerais,311360,Careaçu,7441,1620
685363016faa8226c1cfc4c9,2010,31,Minas Gerais,311370,Carlos Chagas,7455,1600
685363016faa8226c1cfc4ca,2010,31,Minas Gerais,311380,Carmésia,7328,1810
685363016faa8226c1cfc4cb,2010,31,Minas Gerais,311390,Carmo da Cachoeira,7303,1850
685363016faa8226c1cfc4cc,2010,31,Minas Gerais,311400,Carmo da Mata,7541,1470
685363016faa8226c1cfc4cd,2010,31,Minas Gerais,311410,Carmo de Minas,7571,1430
685363016faa8226c1cfc4ce,2010,31,Minas Gerais,311420,Carmo do Cajuru,7616,1360
685363016faa8226c1cfc4cf,2010,31,Minas Gerais,311430,Carmo do Paranaíba,7663,1290
685363016faa8226c1cfc4d0,2010,31,Minas Gerais,311440,Carmo do Rio Claro,7601,1380
685363016faa8226c1cfc4d1,2010,31,Minas Gerais,311450,Carmópolis de Minas,7599,1380
685363016faa8226c1cfc4d2,2010,31,Minas Gerais,311455,Carneirinho,7737,1190
685363016faa8226c1cfc4d3,2010,31,Minas Gerais,311460,Carrancas,7759,1160
685363016faa8226c1cfc4d4,2010,31,Minas Gerais,311470,Carvalhópolis,7598,1390
685363016faa8226c1cfc4d5,2010,31,Minas Gerais,311480,Carvalhos,742,1660
685363016faa8226c1cfc4d6,2010,31,Minas Gerais,311490,Casa Grande,7439,1630
685363016faa8226c1cfc4d7,2010,31,Minas Gerais,311500,Cascalho Rico,7572,1420
685363016faa8226c1cfc4d8,2010,31,Minas Gerais,311510,Cássia,7522,1500
685363016faa8226c1cfc4d9,2010,31,Minas Gerais,311520,Conceição da Barra de Minas,7391,1710
685363016faa8226c1cfc4da,2010,31,Minas Gerais,311530,Cataguases,7668,1290
685363016faa8226c1cfc4db,2010,31,Minas Gerais,311535,Catas Altas,7465,1590
685363016faa8226c1cfc4dc,2010,31,Minas Gerais,311540,Catas Altas da Noruega,7296,1870
685363016faa8226c1cfc4dd,2010,31,Minas Gerais,311545,Catuji,7123,2180
685363016faa8226c1cfc4de,2010,31,Minas Gerais,311547,Catuti,7138,2150
685363016faa8226c1cfc4df,2010,31,Minas Gerais,311550,Caxambu,7585,1400
685363016faa8226c1cfc4e0,2010,31,Minas Gerais,311560,Cedro do Abaeté,7304,1850
685363016faa8226c1cfc4e1,2010,31,Minas Gerais,311570,Central de Minas,7437,1630
685363016faa8226c1cfc4e2,2010,31,Minas Gerais,311580,Centralina,7619,1360
685363016faa8226c1cfc4e3,2010,31,Minas Gerais,311590,Chácara,7766,1150
685363016faa8226c1cfc4e4,2010,31,Minas Gerais,311600,Chalé,7221,2000
685363016faa8226c1cfc4e5,2010,31,Minas Gerais,311610,Chapada do Norte,7286,1880
685363016faa8226c1cfc4e6,2010,31,Minas Gerais,311615,Chapada Gaúcha,7422,1660
685363016faa8226c1cfc4e7,2010,31,Minas Gerais,311620,Chiador,7705,1240
685363016faa8226c1cfc4e8,2010,31,Minas Gerais,311630,Cipotânea,6997,2430
685363016faa8226c1cfc4e9,2010,31,Minas Gerais,311640,Claraval,7588,1400
685363016faa8226c1cfc4ea,2010,31,Minas Gerais,311650,Claro dos Poções,7296,1870
685363016faa8226c1cfc4eb,2010,31,Minas Gerais,311660,Cláudio,7575,1420
685363016faa8226c1cfc4ec,2010,31,Minas Gerais,311670,Coimbra,7449,1610
685363016faa8226c1cfc4ed,2010,31,Minas Gerais,311680,Coluna,7191,2050
685363016faa8226c1cfc4ee,2010,31,Minas Gerais,311690,Comendador Gomes,7601,1380
685363016faa8226c1cfc4ef,2010,31,Minas Gerais,311700,Comercinho,7283,1890
685363016faa8226c1cfc4f0,2010,31,Minas Gerais,311710,Conceição da Aparecida,7583,1410
685363016faa8226c1cfc4f1,2010,31,Minas Gerais,311720,Conceição das Pedras,7425,1650
685363016faa8226c1cfc4f2,2010,31,Minas Gerais,311730,Conceição das Alagoas,7672,1280
685363016faa8226c1cfc4f3,2010,31,Minas Gerais,311740,Conceição de Ipanema,7451,1610
685363016faa8226c1cfc4f4,2010,31,Minas Gerais,311750,Conceição do Mato Dentro,7265,1920
685363016faa8226c1cfc4f5,2010,31,Minas Gerais,311760,Conceição do Pará,7597,1390
685363016faa8226c1cfc4f6,2010,31,Minas Gerais,311770,Conceição do Rio Verde,7501,1530
685363016faa8226c1cfc4f7,2010,31,Minas Gerais,311780,Conceição dos Ouros,7549,1460
685363016faa8226c1cfc4f8,2010,31,Minas Gerais,311783,Cônego Marinho,7296,1870
685363016faa8226c1cfc4f9,2010,31,Minas Gerais,311787,Confins,7479,1570
685363016faa8226c1cfc4fa,2010,31,Minas Gerais,311790,Congonhal,7581,1410
685363016faa8226c1cfc4fb,2010,31,Minas Gerais,311800,Congonhas,7759,1160
685363016faa8226c1cfc4fc,2010,31,Minas Gerais,311810,Congonhas do Norte,6974,2480
685363016faa8226c1cfc4fd,2010,31,Minas Gerais,311820,Conquista,7759,1160
685363016faa8226c1cfc4fe,2010,31,Minas Gerais,311830,Conselheiro Lafaiete,7662,1412
685363016faa8226c1cfc4ff,2010,31,Minas Gerais,311840,Conselheiro Pena,7524,1500
685363016faa8226c1cfc500,2010,31,Minas Gerais,311850,Consolação,7336,1800
685363016faa8226c1cfc501,2010,31,Minas Gerais,311860,Contagem,7494,1540
685363016faa8226c1cfc502,2010,31,Minas Gerais,311870,Coqueiral,7526,1490
685363016faa8226c1cfc503,2010,31,Minas Gerais,311880,Coração de Jesus,7348,1780
685363016faa8226c1cfc504,2010,31,Minas Gerais,311890,Cordisburgo,7217,2010
685363016faa8226c1cfc505,2010,31,Minas Gerais,311900,Cordislândia,7339,1790
685363016faa8226c1cfc506,2010,31,Minas Gerais,311910,Corinto,7549,1460
685363016faa8226c1cfc507,2010,31,Minas Gerais,311920,Coroaci,7364,1750
685363016faa8226c1cfc508,2010,31,Minas Gerais,311930,Coromandel,7657,1300
685363016faa8226c1cfc509,2010,31,Minas Gerais,311940,Coronel Fabriciano,7688,1254
685363016faa8226c1cfc50a,2010,31,Minas Gerais,311950,Coronel Murta,7205,2030
685363016faa8226c1cfc50b,2010,31,Minas Gerais,311960,Coronel Pacheco,7236,1970
685363016faa8226c1cfc50c,2010,31,Minas Gerais,311970,Coronel Xavier Chaves,744,1630
685363016faa8226c1cfc50d,2010,31,Minas Gerais,311980,Córrego Danta,7561,1440
685363016faa8226c1cfc50e,2010,31,Minas Gerais,311990,Córrego do Bom Jesus,754,1470
685363016faa8226c1cfc50f,2010,31,Minas Gerais,311995,Córrego Fundo,7267,1920
685363016faa8226c1cfc510,2010,31,Minas Gerais,312000,Córrego Novo,7332,1810
685363016faa8226c1cfc511,2010,31,Minas Gerais,312010,Couto de Magalhães de Minas,734,1790
685363016faa8226c1cfc512,2010,31,Minas Gerais,312015,Crisólita,7296,1870
685363016faa8226c1cfc513,2010,31,Minas Gerais,312020,Cristais,7654,1310
685363016faa8226c1cfc514,2010,31,Minas Gerais,312030,Cristália,7271,1910
685363016faa8226c1cfc515,2010,31,Minas Gerais,312040,Cristiano Otoni,7439,1630
685363016faa8226c1cfc516,2010,31,Minas Gerais,312050,Cristina,7553,1450
685363016faa8226c1cfc517,2010,31,Minas Gerais,312060,Crucilândia,7397,1700
685363016faa8226c1cfc518,2010,31,Minas Gerais,312070,Cruzeiro da Fortaleza,7494,1540
685363016faa8226c1cfc519,2010,31,Minas Gerais,312080,Cruzília,7617,1360
685363016faa8226c1cfc51a,2010,31,Minas Gerais,312083,Cuparaque,7285,1880
685363016faa8226c1cfc51b,2010,31,Minas Gerais,312087,Curral de Dentro,7051,2320
685363016faa8226c1cfc51c,2010,31,Minas Gerais,312090,Curvelo,7605,1380
685363016faa8226c1cfc51d,2010,31,Minas Gerais,312100,Datas,7036,2350
685363016faa8226c1cfc51e,2010,31,Minas Gerais,312110,Delfim Moreira,752,1500
685363016faa8226c1cfc51f,2010,31,Minas Gerais,312120,Delfinópolis,7731,1200
685363016faa8226c1cfc520,2010,31,Minas Gerais,312125,Delta,7346,1780
685363016faa8226c1cfc521,2010,31,Minas Gerais,312130,Descoberto,7285,1890
685363016faa8226c1cfc522,2010,31,Minas Gerais,312140,Desterro de Entre Rios,7314,1840
685363016faa8226c1cfc523,2010,31,Minas Gerais,312150,Desterro do Melo,7353,1770
685363016faa8226c1cfc524,2010,31,Minas Gerais,312160,Diamantina,7533,1480
685363016faa8226c1cfc525,2010,31,Minas Gerais,312170,Diogo de Vasconcelos,7363,1750
685363016faa8226c1cfc526,2010,31,Minas Gerais,312180,Dionísio,7424,1650
685363016faa8226c1cfc527,2010,31,Minas Gerais,312190,Divinésia,7211,2020
685363016faa8226c1cfc528,2010,31,Minas Gerais,312200,Divino,7436,1630
685363016faa8226c1cfc529,2010,31,Minas Gerais,312210,Divino das Laranjeiras,7364,1750
685363016faa8226c1cfc52a,2010,31,Minas Gerais,312220,Divinolândia de Minas,7372,1740
685363016faa8226c1cfc52b,2010,31,Minas Gerais,312230,Divinópolis,7563,1459
685363016faa8226c1cfc52c,2010,31,Minas Gerais,312235,Divisa Alegre,6839,2780
685363016faa8226c1cfc52d,2010,31,Minas Gerais,312240,Divisa Nova,7303,1850
685363016faa8226c1cfc52e,2010,31,Minas Gerais,312245,Divisópolis,731,1840
685363016faa8226c1cfc52f,2010,31,Minas Gerais,312247,Dom Bosco,7388,1710
685363016faa8226c1cfc530,2010,31,Minas Gerais,312250,Dom Cavati,7203,2030
685363016faa8226c1cfc531,2010,31,Minas Gerais,312260,Dom Joaquim,7412,1670
685363016faa8226c1cfc532,2010,31,Minas Gerais,312270,Dom Silvério,758,1410
685363016faa8226c1cfc533,2010,31,Minas Gerais,312280,Dom Viçoso,7412,1670
685363016faa8226c1cfc534,2010,31,Minas Gerais,312290,Dona Eusébia,7545,1460
685363016faa8226c1cfc535,2010,31,Minas Gerais,312300,Dores de Campos,744,1630
685363016faa8226c1cfc536,2010,31,Minas Gerais,312310,Dores de Guanhães,7426,1650
685363016faa8226c1cfc537,2010,31,Minas Gerais,312320,Dores do Indaiá,754,1470
685363016faa8226c1cfc538,2010,31,Minas Gerais,312330,Dores do Turvo,7475,1570
685363016faa8226c1cfc539,2010,31,Minas Gerais,312340,Doresópolis,7711,1230
685363016faa8226c1cfc53a,2010,31,Minas Gerais,312350,Douradoquara,7584,1410
685363016faa8226c1cfc53b,2010,31,Minas Gerais,312352,Durandé,7554,1450
685363016faa8226c1cfc53c,2010,31,Minas Gerais,312360,Elói Mendes,7526,1490
685363016faa8226c1cfc53d,2010,31,Minas Gerais,312370,Engenheiro Caldas,7391,1710
685363016faa8226c1cfc53e,2010,31,Minas Gerais,312380,Engenheiro Navarro,7244,1960
685363016faa8226c1cfc53f,2010,31,Minas Gerais,312385,Entre Folhas,725,1950
685363016faa8226c1cfc540,2010,31,Minas Gerais,312390,Entre Rios de Minas,7314,1840
685363016faa8226c1cfc541,2010,31,Minas Gerais,312400,Ervália,747,1580
685363016faa8226c1cfc542,2010,31,Minas Gerais,312410,Esmeraldas,7431,1640
685363016faa8226c1cfc543,2010,31,Minas Gerais,312420,Espera Feliz,7577,1420
685363016faa8226c1cfc544,2010,31,Minas Gerais,312430,Espinosa,7326,1820
685363016faa8226c1cfc545,2010,31,Minas Gerais,312440,Espírito Santo do Dourado,7581,1410
685363016faa8226c1cfc546,2010,31,Minas Gerais,312450,Estiva,759,1400
685363016faa8226c1cfc547,2010,31,Minas Gerais,312460,Estrela Dalva,7704,1240
685363016faa8226c1cfc548,2010,31,Minas Gerais,312470,Estrela do Indaiá,7749,1180
685363016faa8226c1cfc549,2010,31,Minas Gerais,312480,Estrela do Sul,754,1470
685363016faa8226c1cfc54a,2010,31,Minas Gerais,312490,Eugenópolis,7577,1420
685363016faa8226c1cfc54b,2010,31,Minas Gerais,312500,Ewbank da Câmara,7437,1630
685363016faa8226c1cfc54c,2010,31,Minas Gerais,312510,Extrema,7595,1390
685363016faa8226c1cfc54d,2010,31,Minas Gerais,312520,Fama,7677,1270
685363016faa8226c1cfc54e,2010,31,Minas Gerais,312530,Faria Lemos,73,1860
685363016faa8226c1cfc54f,2010,31,Minas Gerais,312540,Felício dos Santos,7261,1930
685363016faa8226c1cfc550,2010,31,Minas Gerais,312550,São Gonçalo do Rio Preto,7391,1710
685363016faa8226c1cfc551,2010,31,Minas Gerais,312560,Felisburgo,6966,2500
685363016faa8226c1cfc552,2010,31,Minas Gerais,312570,Felixlândia,739,1710
685363016faa8226c1cfc553,2010,31,Minas Gerais,312580,Fernandes Tourinho,7343,1790
685363016faa8226c1cfc554,2010,31,Minas Gerais,312590,Ferros,7424,1650
685363016faa8226c1cfc555,2010,31,Minas Gerais,312595,Fervedouro,7273,1910
685363016faa8226c1cfc556,2010,31,Minas Gerais,312600,Florestal,7569,1430
685363016faa8226c1cfc557,2010,31,Minas Gerais,312610,Formiga,7743,1180
685363016faa8226c1cfc558,2010,31,Minas Gerais,312620,Formoso,7504,1530
685363016faa8226c1cfc559,2010,31,Minas Gerais,312630,Fortaleza de Minas,7331,1810
685363016faa8226c1cfc55a,2010,31,Minas Gerais,312640,Fortuna de Minas,757,1430
685363016faa8226c1cfc55b,2010,31,Minas Gerais,312650,Francisco Badaró,7257,1940
685363016faa8226c1cfc55c,2010,31,Minas Gerais,312660,Francisco Dumont,728,1900
685363016faa8226c1cfc55d,2010,31,Minas Gerais,312670,Francisco Sá,7348,1780
685363016faa8226c1cfc55e,2010,31,Minas Gerais,312675,Franciscópolis,7314,1840
685363016faa8226c1cfc55f,2010,31,Minas Gerais,312680,Frei Gaspar,7296,1870
685363016faa8226c1cfc560,2010,31,Minas Gerais,312690,Frei Inocêncio,7172,2090
685363016faa8226c1cfc561,2010,31,Minas Gerais,312695,Frei Lagonegro,6996,2440
685363016faa8226c1cfc562,2010,31,Minas Gerais,312700,Fronteira,7728,1200
685363016faa8226c1cfc563,2010,31,Minas Gerais,312705,Fronteira dos Vales,738,1730
685363016faa8226c1cfc564,2010,31,Minas Gerais,312707,Fruta de Leite,725,1950
685363016faa8226c1cfc565,2010,31,Minas Gerais,312710,Frutal,7692,1250
685363016faa8226c1cfc566,2010,31,Minas Gerais,312720,Funilândia,7566,1430
685363016faa8226c1cfc567,2010,31,Minas Gerais,312730,Galiléia,7271,1910
685363016faa8226c1cfc568,2010,31,Minas Gerais,312733,Gameleiras,7274,1900
685363016faa8226c1cfc569,2010,31,Minas Gerais,312735,Glaucilândia,7372,1740
685363016faa8226c1cfc56a,2010,31,Minas Gerais,312737,Goiabeira,7291,1880
685363016faa8226c1cfc56b,2010,31,Minas Gerais,312738,Goianá,751,1520
685363016faa8226c1cfc56c,2010,31,Minas Gerais,312740,Gonçalves,7496,1540
685363016faa8226c1cfc56d,2010,31,Minas Gerais,312750,Gonzaga,7144,2140
685363016faa8226c1cfc56e,2010,31,Minas Gerais,312760,Gouveia,7498,1540
685363016faa8226c1cfc56f,2010,31,Minas Gerais,312770,Governador Valadares,7506,1466
685363016faa8226c1cfc570,2010,31,Minas Gerais,312780,Grão Mogol,7244,1960
685363016faa8226c1cfc571,2010,31,Minas Gerais,312790,Grupiara,7564,1440
685363016faa8226c1cfc572,2010,31,Minas Gerais,312800,Guanhães,7422,1660
685363016faa8226c1cfc573,2010,31,Minas Gerais,312810,Guapé,7486,1560
685363016faa8226c1cfc574,2010,31,Minas Gerais,312820,Guaraciaba,7261,1930
685363016faa8226c1cfc575,2010,31,Minas Gerais,312825,Guaraciama,734,1790
685363016faa8226c1cfc576,2010,31,Minas Gerais,312830,Guaranésia,757,1430
685363016faa8226c1cfc577,2010,31,Minas Gerais,312840,Guarani,7596,1390
685363016faa8226c1cfc578,2010,31,Minas Gerais,312850,Guarará,731,1840
685363016faa8226c1cfc579,2010,31,Minas Gerais,312860,Guarda-Mor,7476,1570
685363016faa8226c1cfc57a,2010,31,Minas Gerais,312870,Guaxupé,7781,1130
685363016faa8226c1cfc57b,2010,31,Minas Gerais,312880,Guidoval,7522,1500
685363016faa8226c1cfc57c,2010,31,Minas Gerais,312890,Guimarânia,7451,1610
685363016faa8226c1cfc57d,2010,31,Minas Gerais,312900,Guiricema,7374,1740
685363016faa8226c1cfc57e,2010,31,Minas Gerais,312910,Gurinhatã,7688,1260
685363016faa8226c1cfc57f,2010,31,Minas Gerais,312920,Heliodora,7429,1640
685363016faa8226c1cfc580,2010,31,Minas Gerais,312930,Iapu,7412,1670
685363016faa8226c1cfc581,2010,31,Minas Gerais,312940,Ibertioga,7501,1530
685363016faa8226c1cfc582,2010,31,Minas Gerais,312950,Ibiá,7762,1160
685363026faa8226c1cfc583,2010,31,Minas Gerais,312960,Ibiaí,7271,1910
685363026faa8226c1cfc584,2010,31,Minas Gerais,312965,Ibiracatu,7217,2010
685363026faa8226c1cfc585,2010,31,Minas Gerais,312970,Ibiraci,7628,1340
685363026faa8226c1cfc586,2010,31,Minas Gerais,312980,Ibirité,7541,1470
685363026faa8226c1cfc587,2010,31,Minas Gerais,312990,Ibitiúra de Minas,7314,1840
685363026faa8226c1cfc588,2010,31,Minas Gerais,313000,Ibituruna,7439,1630
685363026faa8226c1cfc589,2010,31,Minas Gerais,313005,Icaraí de Minas,7296,1870
685363026faa8226c1cfc58a,2010,31,Minas Gerais,313010,Igarapé,7563,1440
685363026faa8226c1cfc58b,2010,31,Minas Gerais,313020,Igaratinga,7554,1450
685363026faa8226c1cfc58c,2010,31,Minas Gerais,313030,Iguatama,7451,1610
685363026faa8226c1cfc58d,2010,31,Minas Gerais,313040,Ijaci,7537,1480
685363026faa8226c1cfc58e,2010,31,Minas Gerais,313050,Ilicínea,7461,1590
685363026faa8226c1cfc58f,2010,31,Minas Gerais,313055,Imbé de Minas,6966,2500
685363026faa8226c1cfc590,2010,31,Minas Gerais,313060,Inconfidentes,7559,1440
685363026faa8226c1cfc591,2010,31,Minas Gerais,313065,Indaiabira,7326,1820
685363026faa8226c1cfc592,2010,31,Minas Gerais,313070,Indianópolis,7506,1520
685363026faa8226c1cfc593,2010,31,Minas Gerais,313080,Ingaí,7645,1320
685363026faa8226c1cfc594,2010,31,Minas Gerais,313090,Inhapim,7472,1580
685363026faa8226c1cfc595,2010,31,Minas Gerais,313100,Inhaúma,7571,1430
685363026faa8226c1cfc596,2010,31,Minas Gerais,313110,Inimutaba,7361,1760
685363026faa8226c1cfc597,2010,31,Minas Gerais,313115,Ipaba,7472,1580
685363026faa8226c1cfc598,2010,31,Minas Gerais,313120,Ipanema,7587,1400
685363026faa8226c1cfc599,2010,31,Minas Gerais,313130,Ipatinga,7685,1322
685363026faa8226c1cfc59a,2010,31,Minas Gerais,313140,Ipiaçu,7382,1720
685363026faa8226c1cfc59b,2010,31,Minas Gerais,313150,Ipuiúna,7698,1240
685363026faa8226c1cfc59c,2010,31,Minas Gerais,313160,Iraí de Minas,7584,1410
685363026faa8226c1cfc59d,2010,31,Minas Gerais,313170,Itabira,7737,1118
685363026faa8226c1cfc59e,2010,31,Minas Gerais,313180,Itabirinha,753,1490
685363026faa8226c1cfc59f,2010,31,Minas Gerais,313190,Itabirito,7468,1580
685363026faa8226c1cfc5a0,2010,31,Minas Gerais,313200,Itacambira,7244,1960
685363026faa8226c1cfc5a1,2010,31,Minas Gerais,313210,Itacarambi,7222,2000
685363026faa8226c1cfc5a2,2010,31,Minas Gerais,313220,Itaguara,7514,1510
685363026faa8226c1cfc5a3,2010,31,Minas Gerais,313230,Itaipé,7052,2320
685363026faa8226c1cfc5a4,2010,31,Minas Gerais,313240,Itajubá,7806,1050
685363026faa8226c1cfc5a5,2010,31,Minas Gerais,313250,Itamarandiba,7286,1880
685363026faa8226c1cfc5a6,2010,31,Minas Gerais,313260,Itamarati de Minas,7545,1460
685363026faa8226c1cfc5a7,2010,31,Minas Gerais,313270,Itambacuri,7205,2030
685363026faa8226c1cfc5a8,2010,31,Minas Gerais,313280,Itambé do Mato Dentro,7439,1630
685363026faa8226c1cfc5a9,2010,31,Minas Gerais,313290,Itamogi,7361,1760
685363026faa8226c1cfc5aa,2010,31,Minas Gerais,313300,Itamonte,7617,1360
685363026faa8226c1cfc5ab,2010,31,Minas Gerais,313310,Itanhandu,7723,1210
685363026faa8226c1cfc5ac,2010,31,Minas Gerais,313320,Itanhomi,7485,1560
685363026faa8226c1cfc5ad,2010,31,Minas Gerais,313330,Itaobim,7219,2000
685363026faa8226c1cfc5ae,2010,31,Minas Gerais,313340,Itapagipe,7664,1290
685363026faa8226c1cfc5af,2010,31,Minas Gerais,313350,Itapecerica,7573,1420
685363026faa8226c1cfc5b0,2010,31,Minas Gerais,313360,Itapeva,7769,1150
685363026faa8226c1cfc5b1,2010,31,Minas Gerais,313370,Itatiaiuçu,75,1530
685363026faa8226c1cfc5b2,2010,31,Minas Gerais,313375,Itaú de Minas,7674,1280
685363026faa8226c1cfc5b3,2010,31,Minas Gerais,313380,Itaúna,7602,1468
685363026faa8226c1cfc5b4,2010,31,Minas Gerais,313390,Itaverava,7363,1750
685363026faa8226c1cfc5b5,2010,31,Minas Gerais,313400,Itinga,7283,1890
685363026faa8226c1cfc5b6,2010,31,Minas Gerais,313410,Itueta,7451,1610
685363026faa8226c1cfc5b7,2010,31,Minas Gerais,313420,Ituiutaba,7537,1420
685363026faa8226c1cfc5b8,2010,31,Minas Gerais,313430,Itumirim,7539,1470
685363026faa8226c1cfc5b9,2010,31,Minas Gerais,313440,Iturama,7588,1400
685363026faa8226c1cfc5ba,2010,31,Minas Gerais,313450,Itutinga,7767,1150
685363026faa8226c1cfc5bb,2010,31,Minas Gerais,313460,Jaboticatubas,7519,1500
685363026faa8226c1cfc5bc,2010,31,Minas Gerais,313470,Jacinto,734,1790
685363026faa8226c1cfc5bd,2010,31,Minas Gerais,313480,Jacuí,7361,1760
685363026faa8226c1cfc5be,2010,31,Minas Gerais,313490,Jacutinga,7682,1270
685363026faa8226c1cfc5bf,2010,31,Minas Gerais,313500,Jaguaraçu,7635,1330
685363026faa8226c1cfc5c0,2010,31,Minas Gerais,313505,Jaíba,7233,1980
685363026faa8226c1cfc5c1,2010,31,Minas Gerais,313507,Jampruca,7186,2060
685363026faa8226c1cfc5c2,2010,31,Minas Gerais,313510,Janaúba,7274,1900
685363026faa8226c1cfc5c3,2010,31,Minas Gerais,313520,Januária,7422,1660
685363026faa8226c1cfc5c4,2010,31,Minas Gerais,313530,Japaraíba,7562,1440
685363026faa8226c1cfc5c5,2010,31,Minas Gerais,313535,Japonvar,7217,2010
685363026faa8226c1cfc5c6,2010,31,Minas Gerais,313540,Jeceaba,7566,1430
685363026faa8226c1cfc5c7,2010,31,Minas Gerais,313545,Jenipapo de Minas,7259,1930
685363026faa8226c1cfc5c8,2010,31,Minas Gerais,313550,Jequeri,7261,1930
685363026faa8226c1cfc5c9,2010,31,Minas Gerais,313560,Jequitaí,7279,1900
685363026faa8226c1cfc5ca,2010,31,Minas Gerais,313570,Jequitibá,7626,1350
685363026faa8226c1cfc5cb,2010,31,Minas Gerais,313580,Jequitinhonha,7399,1690
685363026faa8226c1cfc5cc,2010,31,Minas Gerais,313590,Jesuânia,7488,1550
685363026faa8226c1cfc5cd,2010,31,Minas Gerais,313600,Joaíma,7236,1970
685363026faa8226c1cfc5ce,2010,31,Minas Gerais,313610,Joanésia,732,1830
685363026faa8226c1cfc5cf,2010,31,Minas Gerais,313620,João Monlevade,7593,1390
685363026faa8226c1cfc5d0,2010,31,Minas Gerais,313630,João Pinheiro,7225,1990
685363026faa8226c1cfc5d1,2010,31,Minas Gerais,313640,Joaquim Felício,7444,1620
685363026faa8226c1cfc5d2,2010,31,Minas Gerais,313650,Jordânia,7282,1890
685363026faa8226c1cfc5d3,2010,31,Minas Gerais,313652,José Gonçalves de Minas,7081,2260
685363026faa8226c1cfc5d4,2010,31,Minas Gerais,313655,José Raydan,7294,1870
685363026faa8226c1cfc5d5,2010,31,Minas Gerais,313657,Josenópolis,7194,2050
685363026faa8226c1cfc5d6,2010,31,Minas Gerais,313660,Nova União,7406,1680
685363026faa8226c1cfc5d7,2010,31,Minas Gerais,313665,Juatuba,7594,1390
685363026faa8226c1cfc5d8,2010,31,Minas Gerais,313670,Juiz de Fora,7565,1542
685363026faa8226c1cfc5d9,2010,31,Minas Gerais,313680,Juramento,7348,1780
685363026faa8226c1cfc5da,2010,31,Minas Gerais,313690,Juruaia,7661,1300
685363026faa8226c1cfc5db,2010,31,Minas Gerais,313695,Juvenília,7157,2120
685363026faa8226c1cfc5dc,2010,31,Minas Gerais,313700,Ladainha,7026,2380
685363026faa8226c1cfc5dd,2010,31,Minas Gerais,313710,Lagamar,7531,1480
685363026faa8226c1cfc5de,2010,31,Minas Gerais,313720,Lagoa da Prata,7489,1550
685363026faa8226c1cfc5df,2010,31,Minas Gerais,313730,Lagoa dos Patos,7136,2160
685363026faa8226c1cfc5e0,2010,31,Minas Gerais,313740,Lagoa Dourada,7468,1580
685363026faa8226c1cfc5e1,2010,31,Minas Gerais,313750,Lagoa Formosa,7491,1550
685363026faa8226c1cfc5e2,2010,31,Minas Gerais,313753,Lagoa Grande,7372,1740
685363026faa8226c1cfc5e3,2010,31,Minas Gerais,313760,Lagoa Santa,7643,1320
685363026faa8226c1cfc5e4,2010,31,Minas Gerais,313770,Lajinha,736,1760
685363026faa8226c1cfc5e5,2010,31,Minas Gerais,313780,Lambari,7723,1210
685363026faa8226c1cfc5e6,2010,31,Minas Gerais,313790,Lamim,747,1580
685363026faa8226c1cfc5e7,2010,31,Minas Gerais,313800,Laranjal,7642,1320
685363026faa8226c1cfc5e8,2010,31,Minas Gerais,313810,Lassance,7271,1910
685363026faa8226c1cfc5e9,2010,31,Minas Gerais,313820,Lavras,778,1140
685363026faa8226c1cfc5ea,2010,31,Minas Gerais,313830,Leandro Ferreira,7749,1180
685363026faa8226c1cfc5eb,2010,31,Minas Gerais,313835,Leme do Prado,7173,2090
685363026faa8226c1cfc5ec,2010,31,Minas Gerais,313840,Leopoldina,7704,1240
685363026faa8226c1cfc5ed,2010,31,Minas Gerais,313850,Liberdade,7501,1530
685363026faa8226c1cfc5ee,2010,31,Minas Gerais,313860,Lima Duarte,7668,1290
685363026faa8226c1cfc5ef,2010,31,Minas Gerais,313862,Limeira do Oeste,7504,1530
685363026faa8226c1cfc5f0,2010,31,Minas Gerais,313865,Lontra,7261,1930
685363026faa8226c1cfc5f1,2010,31,Minas Gerais,313867,Luisburgo,7353,1770
685363026faa8226c1cfc5f2,2010,31,Minas Gerais,313868,Luislândia,7296,1870
685363026faa8226c1cfc5f3,2010,31,Minas Gerais,313870,Luminárias,7427,1650
685363026faa8226c1cfc5f4,2010,31,Minas Gerais,313880,Luz,75,1530
685363026faa8226c1cfc5f5,2010,31,Minas Gerais,313890,Machacalis,7196,2040
685363026faa8226c1cfc5f6,2010,31,Minas Gerais,313900,Machado,759,1400
685363026faa8226c1cfc5f7,2010,31,Minas Gerais,313910,Madre de Deus de Minas,7638,1330
685363026faa8226c1cfc5f8,2010,31,Minas Gerais,313920,Malacacheta,7105,2220
685363026faa8226c1cfc5f9,2010,31,Minas Gerais,313925,Mamonas,7173,2090
685363026faa8226c1cfc5fa,2010,31,Minas Gerais,313930,Manga,7296,1870
685363026faa8226c1cfc5fb,2010,31,Minas Gerais,313940,Manhuaçu,7535,1480
685363026faa8226c1cfc5fc,2010,31,Minas Gerais,313950,Manhumirim,7574,1420
685363026faa8226c1cfc5fd,2010,31,Minas Gerais,313960,Mantena,7316,1830
685363026faa8226c1cfc5fe,2010,31,Minas Gerais,313970,Maravilhas,757,1430
685363026faa8226c1cfc5ff,2010,31,Minas Gerais,313980,Mar de Espanha,7451,1610
685363026faa8226c1cfc600,2010,31,Minas Gerais,313990,Maria da Fé,7553,1450
685363026faa8226c1cfc601,2010,31,Minas Gerais,314000,Mariana,7743,1180
685363026faa8226c1cfc602,2010,31,Minas Gerais,314010,Marilac,7186,2060
685363026faa8226c1cfc603,2010,31,Minas Gerais,314015,Mário Campos,7499,1530
685363026faa8226c1cfc604,2010,31,Minas Gerais,314020,Maripá de Minas,7584,1410
685363026faa8226c1cfc605,2010,31,Minas Gerais,314030,Marliéria,7529,1490
685363026faa8226c1cfc606,2010,31,Minas Gerais,314040,Marmelópolis,7336,1800
685363026faa8226c1cfc607,2010,31,Minas Gerais,314050,Martinho Campos,7561,1440
685363026faa8226c1cfc608,2010,31,Minas Gerais,314053,Martins Soares,7353,1770
685363026faa8226c1cfc609,2010,31,Minas Gerais,314055,Mata Verde,6992,2440
685363026faa8226c1cfc60a,2010,31,Minas Gerais,314060,Materlândia,7116,2200
685363026faa8226c1cfc60b,2010,31,Minas Gerais,314070,Mateus Leme,7536,1480
685363026faa8226c1cfc60c,2010,31,Minas Gerais,314080,Matias Barbosa,7673,1280
685363026faa8226c1cfc60d,2010,31,Minas Gerais,314085,Matias Cardoso,7296,1870
685363026faa8226c1cfc60e,2010,31,Minas Gerais,314090,Matipó,718,2080
685363026faa8226c1cfc60f,2010,31,Minas Gerais,314100,Mato Verde,7233,1980
685363026faa8226c1cfc610,2010,31,Minas Gerais,314110,Matozinhos,7682,1270
685363026faa8226c1cfc611,2010,31,Minas Gerais,314120,Matutina,7653,1310
685363026faa8226c1cfc612,2010,31,Minas Gerais,314130,Medeiros,7604,1380
685363026faa8226c1cfc613,2010,31,Minas Gerais,314140,Medina,7427,1650
685363026faa8226c1cfc614,2010,31,Minas Gerais,314150,Mendes Pimentel,7109,2210
685363026faa8226c1cfc615,2010,31,Minas Gerais,314160,Mercês,7485,1560
685363026faa8226c1cfc616,2010,31,Minas Gerais,314170,Mesquita,7276,1900
685363026faa8226c1cfc617,2010,31,Minas Gerais,314180,Minas Novas,7314,1840
685363026faa8226c1cfc618,2010,31,Minas Gerais,314190,Minduri,7332,1800
685363026faa8226c1cfc619,2010,31,Minas Gerais,314200,Mirabela,7261,1930
685363026faa8226c1cfc61a,2010,31,Minas Gerais,314210,Miradouro,7464,1590
685363026faa8226c1cfc61b,2010,31,Minas Gerais,314220,Miraí,7519,1500
685363026faa8226c1cfc61c,2010,31,Minas Gerais,314225,Miravânia,7188,2060
685363026faa8226c1cfc61d,2010,31,Minas Gerais,314230,Moeda,7301,1860
685363026faa8226c1cfc61e,2010,31,Minas Gerais,314240,Moema,7587,1400
685363026faa8226c1cfc61f,2010,31,Minas Gerais,314250,Monjolos,7416,1670
685363026faa8226c1cfc620,2010,31,Minas Gerais,314260,Monsenhor Paulo,7532,1480
685363026faa8226c1cfc621,2010,31,Minas Gerais,314270,Montalvânia,7296,1870
685363026faa8226c1cfc622,2010,31,Minas Gerais,314280,Monte Alegre de Minas,7586,1400
685363026faa8226c1cfc623,2010,31,Minas Gerais,314290,Monte Azul,7363,1750
685363026faa8226c1cfc624,2010,31,Minas Gerais,314300,Monte Belo,7582,1410
685363026faa8226c1cfc625,2010,31,Minas Gerais,314310,Monte Carmelo,771,1230
685363026faa8226c1cfc626,2010,31,Minas Gerais,314315,Monte Formoso,7092,2240
685363026faa8226c1cfc627,2010,31,Minas Gerais,314320,Monte Santo de Minas,7746,1180
685363026faa8226c1cfc628,2010,31,Minas Gerais,314330,Montes Claros,7707,1304
685363026faa8226c1cfc629,2010,31,Minas Gerais,314340,Monte Sião,7769,1150
685363026faa8226c1cfc62a,2010,31,Minas Gerais,314345,Montezuma,7355,1760
685363026faa8226c1cfc62b,2010,31,Minas Gerais,314350,Morada Nova de Minas,7479,1570
685363026faa8226c1cfc62c,2010,31,Minas Gerais,314360,Morro da Garça,7397,1700
685363026faa8226c1cfc62d,2010,31,Minas Gerais,314370,Morro do Pilar,7355,1760
685363026faa8226c1cfc62e,2010,31,Minas Gerais,314380,Munhoz,7425,1650
685363026faa8226c1cfc62f,2010,31,Minas Gerais,314390,Muriaé,7618,1470
685363026faa8226c1cfc630,2010,31,Minas Gerais,314400,Mutum,743,1640
685363026faa8226c1cfc631,2010,31,Minas Gerais,314410,Muzambinho,7651,1310
685363026faa8226c1cfc632,2010,31,Minas Gerais,314420,Nacip Raydan,7485,1560
685363026faa8226c1cfc633,2010,31,Minas Gerais,314430,Nanuque,7602,1380
685363026faa8226c1cfc634,2010,31,Minas Gerais,314435,Naque,7432,1640
685363026faa8226c1cfc635,2010,31,Minas Gerais,314437,Natalândia,7578,1420
685363026faa8226c1cfc636,2010,31,Minas Gerais,314440,Natércia,7328,1810
685363026faa8226c1cfc637,2010,31,Minas Gerais,314450,Nazareno,7482,1560
685363026faa8226c1cfc638,2010,31,Minas Gerais,314460,Nepomuceno,743,1640
685363026faa8226c1cfc639,2010,31,Minas Gerais,314465,Ninheira,7201,2040
685363026faa8226c1cfc63a,2010,31,Minas Gerais,314467,Nova Belém,7106,2220
685363026faa8226c1cfc63b,2010,31,Minas Gerais,314470,Nova Era,7448,1620
685363026faa8226c1cfc63c,2010,31,Minas Gerais,314480,Nova Lima,781,1167
685363026faa8226c1cfc63d,2010,31,Minas Gerais,314490,Nova Módica,7172,2090
685363026faa8226c1cfc63e,2010,31,Minas Gerais,314500,Nova Ponte,7508,1520
685363026faa8226c1cfc63f,2010,31,Minas Gerais,314505,Nova Porteirinha,7363,1750
685363026faa8226c1cfc640,2010,31,Minas Gerais,314510,Nova Resende,7533,1480
685363026faa8226c1cfc641,2010,31,Minas Gerais,314520,Nova Serrana,7682,1270
685363026faa8226c1cfc642,2010,31,Minas Gerais,314530,Novo Cruzeiro,7283,1890
685363026faa8226c1cfc643,2010,31,Minas Gerais,314535,Novo Oriente de Minas,7026,2380
685363026faa8226c1cfc644,2010,31,Minas Gerais,314537,Novorizonte,7326,1820
685363026faa8226c1cfc645,2010,31,Minas Gerais,314540,Olaria,7437,1630
685363026faa8226c1cfc646,2010,31,Minas Gerais,314545,Olhos-d'Água,7372,1740
685363026faa8226c1cfc647,2010,31,Minas Gerais,314550,Olímpio Noronha,7356,1760
685363026faa8226c1cfc648,2010,31,Minas Gerais,314560,Oliveira,7551,1460
685363026faa8226c1cfc649,2010,31,Minas Gerais,314570,Oliveira Fortes,7261,1930
685363026faa8226c1cfc64a,2010,31,Minas Gerais,314580,Onça de Pitangui,7333,1800
685363026faa8226c1cfc64b,2010,31,Minas Gerais,314585,Oratórios,7442,1620
685363026faa8226c1cfc64c,2010,31,Minas Gerais,314587,Orizânia,7167,2100
685363026faa8226c1cfc64d,2010,31,Minas Gerais,314590,Ouro Branco,7731,1200
685363026faa8226c1cfc64e,2010,31,Minas Gerais,314600,Ouro Fino,7666,1290
685363026faa8226c1cfc64f,2010,31,Minas Gerais,314610,Ouro Preto,7503,1530
685363026faa8226c1cfc650,2010,31,Minas Gerais,314620,Ouro Verde de Minas,7235,1970
685363026faa8226c1cfc651,2010,31,Minas Gerais,314625,Padre Carvalho,7271,1910
685363026faa8226c1cfc652,2010,31,Minas Gerais,314630,Padre Paraíso,7283,1890
685363026faa8226c1cfc653,2010,31,Minas Gerais,314640,Paineiras,7441,1620
685363026faa8226c1cfc654,2010,31,Minas Gerais,314650,Pains,7743,1180
685363026faa8226c1cfc655,2010,31,Minas Gerais,314655,Pai Pedro,7062,2300
685363026faa8226c1cfc656,2010,31,Minas Gerais,314660,Paiva,7572,1420
685363026faa8226c1cfc657,2010,31,Minas Gerais,314670,Palma,7545,1460
685363026faa8226c1cfc658,2010,31,Minas Gerais,314675,Palmópolis,6929,2580
685363026faa8226c1cfc659,2010,31,Minas Gerais,314690,Papagaios,7496,1540
685363026faa8226c1cfc65a,2010,31,Minas Gerais,314700,Paracatu,7622,1350
685363026faa8226c1cfc65b,2010,31,Minas Gerais,314710,Pará de Minas,7587,1400
685363026faa8226c1cfc65c,2010,31,Minas Gerais,314720,Paraguaçu,7598,1390
685363026faa8226c1cfc65d,2010,31,Minas Gerais,314730,Paraisópolis,7611,1370
685363026faa8226c1cfc65e,2010,31,Minas Gerais,314740,Paraopeba,7255,1940
685363026faa8226c1cfc65f,2010,31,Minas Gerais,314750,Passabém,7223,2000
685363026faa8226c1cfc660,2010,31,Minas Gerais,314760,Passa Quatro,7659,1300
685363026faa8226c1cfc661,2010,31,Minas Gerais,314770,Passa Tempo,7346,1780
685363026faa8226c1cfc662,2010,31,Minas Gerais,314780,Passa-Vinte,7353,1770
685363026faa8226c1cfc663,2010,31,Minas Gerais,314790,Passos,7815,1035
685363026faa8226c1cfc664,2010,31,Minas Gerais,314795,Patis,7223,2000
685363026faa8226c1cfc665,2010,31,Minas Gerais,314800,Patos de Minas,7631,1447
685363026faa8226c1cfc666,2010,31,Minas Gerais,314810,Patrocínio,7614,1360
685363026faa8226c1cfc667,2010,31,Minas Gerais,314820,Patrocínio do Muriaé,7278,1900
685363026faa8226c1cfc668,2010,31,Minas Gerais,314830,Paula Cândido,7438,1630
685363026faa8226c1cfc669,2010,31,Minas Gerais,314840,Paulistas,7244,1960
685363026faa8226c1cfc66a,2010,31,Minas Gerais,314850,Pavão,7377,1730
685363026faa8226c1cfc66b,2010,31,Minas Gerais,314860,Peçanha,7223,2000
685363026faa8226c1cfc66c,2010,31,Minas Gerais,314870,Pedra Azul,7279,1900
685363026faa8226c1cfc66d,2010,31,Minas Gerais,314875,Pedra Bonita,6941,2550
685363026faa8226c1cfc66e,2010,31,Minas Gerais,314880,Pedra do Anta,7426,1650
685363026faa8226c1cfc66f,2010,31,Minas Gerais,314890,Pedra do Indaiá,756,1440
685363026faa8226c1cfc670,2010,31,Minas Gerais,314900,Pedra Dourada,7464,1590
685363026faa8226c1cfc671,2010,31,Minas Gerais,314910,Pedralva,7339,1790
685363026faa8226c1cfc672,2010,31,Minas Gerais,314915,Pedras de Maria da Cruz,7222,2000
685363026faa8226c1cfc673,2010,31,Minas Gerais,314920,Pedrinópolis,7629,1340
685363026faa8226c1cfc674,2010,31,Minas Gerais,314930,Pedro Leopoldo,7633,1340
685363026faa8226c1cfc675,2010,31,Minas Gerais,314940,Pedro Teixeira,7261,1930
685363026faa8226c1cfc676,2010,31,Minas Gerais,314950,Pequeri,7705,1240
685363026faa8226c1cfc677,2010,31,Minas Gerais,314960,Pequi,7347,1780
685363026faa8226c1cfc678,2010,31,Minas Gerais,314970,Perdigão,756,1440
685363026faa8226c1cfc679,2010,31,Minas Gerais,314980,Perdizes,778,1140
685363026faa8226c1cfc67a,2010,31,Minas Gerais,314990,Perdões,7769,1150
685363026faa8226c1cfc67b,2010,31,Minas Gerais,314995,Periquito,7534,1480
685363026faa8226c1cfc67c,2010,31,Minas Gerais,315000,Pescador,7485,1560
685363026faa8226c1cfc67d,2010,31,Minas Gerais,315010,Piau,7442,1620
685363026faa8226c1cfc67e,2010,31,Minas Gerais,315015,Piedade de Caratinga,7137,2160
685363026faa8226c1cfc67f,2010,31,Minas Gerais,315020,Piedade de Ponte Nova,7314,1840
685363026faa8226c1cfc680,2010,31,Minas Gerais,315030,Piedade do Rio Grande,7422,1660
685363026faa8226c1cfc681,2010,31,Minas Gerais,315040,Piedade dos Gerais,7542,1470
685363026faa8226c1cfc682,2010,31,Minas Gerais,315050,Pimenta,7493,1540
685363026faa8226c1cfc683,2010,31,Minas Gerais,315053,Pingo-d'Água,6963,2500
685363026faa8226c1cfc684,2010,31,Minas Gerais,315057,Pintópolis,7296,1870
685363026faa8226c1cfc685,2010,31,Minas Gerais,315060,Piracema,7354,1770
685363026faa8226c1cfc686,2010,31,Minas Gerais,315070,Pirajuba,7646,1320
685363026faa8226c1cfc687,2010,31,Minas Gerais,315080,Piranga,7296,1870
685363026faa8226c1cfc688,2010,31,Minas Gerais,315090,Piranguçu,7336,1800
685363026faa8226c1cfc689,2010,31,Minas Gerais,315100,Piranguinho,7545,1460
685363026faa8226c1cfc68a,2010,31,Minas Gerais,315110,Pirapetinga,7545,1460
685363026faa8226c1cfc68b,2010,31,Minas Gerais,315120,Pirapora,7465,1590
685363026faa8226c1cfc68c,2010,31,Minas Gerais,315130,Piraúba,7556,1450
685363026faa8226c1cfc68d,2010,31,Minas Gerais,315140,Pitangui,7722,1210
685363026faa8226c1cfc68e,2010,31,Minas Gerais,315150,Piumhi,777,1150
685363026faa8226c1cfc68f,2010,31,Minas Gerais,315160,Planura,761,1370
685363026faa8226c1cfc690,2010,31,Minas Gerais,315170,Poço Fundo,7695,1250
685363026faa8226c1cfc691,2010,31,Minas Gerais,315180,Poços de Caldas,7731,1127
685363026faa8226c1cfc692,2010,31,Minas Gerais,315190,Pocrane,7291,1880
685363026faa8226c1cfc693,2010,31,Minas Gerais,315200,Pompéu,7505,1520
685363026faa8226c1cfc694,2010,31,Minas Gerais,315210,Ponte Nova,759,1400
685363026faa8226c1cfc695,2010,31,Minas Gerais,315213,Ponto Chique,7281,1890
685363026faa8226c1cfc696,2010,31,Minas Gerais,315217,Ponto dos Volantes,7188,2060
685363026faa8226c1cfc697,2010,31,Minas Gerais,315220,Porteirinha,7274,1900
685363026faa8226c1cfc698,2010,31,Minas Gerais,315230,Porto Firme,7326,1810
685363026faa8226c1cfc699,2010,31,Minas Gerais,315240,Poté,7352,1770
685363026faa8226c1cfc69a,2010,31,Minas Gerais,315250,Pouso Alegre,7733,1158
685363026faa8226c1cfc69b,2010,31,Minas Gerais,315260,Pouso Alto,7581,1410
685363026faa8226c1cfc69c,2010,31,Minas Gerais,315270,Prados,7689,1260
685363026faa8226c1cfc69d,2010,31,Minas Gerais,315280,Prata,7612,1370
685363026faa8226c1cfc69e,2010,31,Minas Gerais,315290,Pratápolis,7674,1280
685363026faa8226c1cfc69f,2010,31,Minas Gerais,315300,Pratinha,7724,1210
685363026faa8226c1cfc6a0,2010,31,Minas Gerais,315310,Presidente Bernardes,7323,1820
685363026faa8226c1cfc6a1,2010,31,Minas Gerais,315320,Presidente Juscelino,7274,1900
685363026faa8226c1cfc6a2,2010,31,Minas Gerais,315330,Presidente Kubitschek,7222,2000
685363026faa8226c1cfc6a3,2010,31,Minas Gerais,315340,Presidente Olegário,7488,1550
685363026faa8226c1cfc6a4,2010,31,Minas Gerais,315350,Alto Jequitibá,7221,2000
685363026faa8226c1cfc6a5,2010,31,Minas Gerais,315360,Prudente de Morais,727,1910
685363026faa8226c1cfc6a6,2010,31,Minas Gerais,315370,Quartel Geral,7574,1420
685363026faa8226c1cfc6a7,2010,31,Minas Gerais,315380,Queluzito,7439,1630
685363026faa8226c1cfc6a8,2010,31,Minas Gerais,315390,Raposos,749,1550
685363026faa8226c1cfc6a9,2010,31,Minas Gerais,315400,Raul Soares,7436,1630
685363026faa8226c1cfc6aa,2010,31,Minas Gerais,315410,Recreio,7545,1460
685363026faa8226c1cfc6ab,2010,31,Minas Gerais,315415,Reduto,7308,1850
685363026faa8226c1cfc6ac,2010,31,Minas Gerais,315420,Resende Costa,744,1630
685363026faa8226c1cfc6ad,2010,31,Minas Gerais,315430,Resplendor,7499,1540
685363026faa8226c1cfc6ae,2010,31,Minas Gerais,315440,Ressaquinha,7501,1530
685363026faa8226c1cfc6af,2010,31,Minas Gerais,315445,Riachinho,7271,1910
685363026faa8226c1cfc6b0,2010,31,Minas Gerais,315450,Riacho dos Machados,7345,1780
685363026faa8226c1cfc6b1,2010,31,Minas Gerais,315460,Ribeirão das Neves,7431,1640
685363026faa8226c1cfc6b2,2010,31,Minas Gerais,315470,Ribeirão Vermelho,7601,1380
685363026faa8226c1cfc6b3,2010,31,Minas Gerais,315480,Rio Acima,7722,1210
685363026faa8226c1cfc6b4,2010,31,Minas Gerais,315490,Rio Casca,7379,1730
685363026faa8226c1cfc6b5,2010,31,Minas Gerais,315500,Rio Doce,7307,1850
685363026faa8226c1cfc6b6,2010,31,Minas Gerais,315510,Rio do Prado,734,1790
685363026faa8226c1cfc6b7,2010,31,Minas Gerais,315520,Rio Espera,7303,1850
685363026faa8226c1cfc6b8,2010,31,Minas Gerais,315530,Rio Manso,7311,1840
685363026faa8226c1cfc6b9,2010,31,Minas Gerais,315540,Rio Novo,7507,1520
685363026faa8226c1cfc6ba,2010,31,Minas Gerais,315550,Rio Paranaíba,7628,1340
685363026faa8226c1cfc6bb,2010,31,Minas Gerais,315560,Rio Pardo de Minas,7285,1880
685363026faa8226c1cfc6bc,2010,31,Minas Gerais,315570,Rio Piracicaba,7263,1920
685363026faa8226c1cfc6bd,2010,31,Minas Gerais,315580,Rio Pomba,7677,1270
685363026faa8226c1cfc6be,2010,31,Minas Gerais,315590,Rio Preto,7584,1410
685363026faa8226c1cfc6bf,2010,31,Minas Gerais,315600,Rio Vermelho,7223,2000
685363026faa8226c1cfc6c0,2010,31,Minas Gerais,315610,Ritápolis,7391,1710
685363026faa8226c1cfc6c1,2010,31,Minas Gerais,315620,Rochedo de Minas,7592,1400
685363026faa8226c1cfc6c2,2010,31,Minas Gerais,315630,Rodeiro,7284,1890
685363026faa8226c1cfc6c3,2010,31,Minas Gerais,315640,Romaria,7378,1730
685363026faa8226c1cfc6c4,2010,31,Minas Gerais,315645,Rosário da Limeira,7369,1740
685363026faa8226c1cfc6c5,2010,31,Minas Gerais,315650,Rubelita,7346,1780
685363026faa8226c1cfc6c6,2010,31,Minas Gerais,315660,Rubim,7399,1690
685363026faa8226c1cfc6c7,2010,31,Minas Gerais,315670,Sabará,7499,1540
685363026faa8226c1cfc6c8,2010,31,Minas Gerais,315680,Sabinópolis,7371,1740
685363026faa8226c1cfc6c9,2010,31,Minas Gerais,315690,Sacramento,7725,1210
685363026faa8226c1cfc6ca,2010,31,Minas Gerais,315700,Salinas,739,1710
685363026faa8226c1cfc6cb,2010,31,Minas Gerais,315710,Salto da Divisa,7574,1420
685363026faa8226c1cfc6cc,2010,31,Minas Gerais,315720,Santa Bárbara,7397,1700
685363026faa8226c1cfc6cd,2010,31,Minas Gerais,315725,Santa Bárbara do Leste,7301,1860
685363026faa8226c1cfc6ce,2010,31,Minas Gerais,315727,Santa Bárbara do Monte Verde,7437,1630
685363026faa8226c1cfc6cf,2010,31,Minas Gerais,315730,Santa Bárbara do Tugúrio,7357,1760
685363026faa8226c1cfc6d0,2010,31,Minas Gerais,315733,Santa Cruz de Minas,7535,1480
685363026faa8226c1cfc6d1,2010,31,Minas Gerais,315737,Santa Cruz de Salinas,7041,2340
685363026faa8226c1cfc6d2,2010,31,Minas Gerais,315740,Santa Cruz do Escalvado,7391,1710
685363026faa8226c1cfc6d3,2010,31,Minas Gerais,315750,Santa Efigênia de Minas,7257,1940
685363026faa8226c1cfc6d4,2010,31,Minas Gerais,315760,Santa Fé de Minas,7326,1820
685363026faa8226c1cfc6d5,2010,31,Minas Gerais,315765,Santa Helena de Minas,6837,2780
685363026faa8226c1cfc6d6,2010,31,Minas Gerais,315770,Santa Juliana,7706,1240
685363026faa8226c1cfc6d7,2010,31,Minas Gerais,315780,Santa Luzia,7652,1130
685363026faa8226c1cfc6d8,2010,31,Minas Gerais,315790,Santa Margarida,7207,2020
685363026faa8226c1cfc6d9,2010,31,Minas Gerais,315800,Santa Maria de Itabira,7424,1650
685363026faa8226c1cfc6da,2010,31,Minas Gerais,315810,Santa Maria do Salto,7092,2240
685363026faa8226c1cfc6db,2010,31,Minas Gerais,315820,Santa Maria do Suaçuí,7403,1690
685363026faa8226c1cfc6dc,2010,31,Minas Gerais,315830,Santana da Vargem,7598,1390
685363026faa8226c1cfc6dd,2010,31,Minas Gerais,315840,Santana de Cataguases,7258,1930
685363026faa8226c1cfc6de,2010,31,Minas Gerais,315850,Santana de Pirapama,7393,1700
685363026faa8226c1cfc6df,2010,31,Minas Gerais,315860,Santana do Deserto,7593,1390
685363026faa8226c1cfc6e0,2010,31,Minas Gerais,315870,Santana do Garambéu,7432,1640
685363026faa8226c1cfc6e1,2010,31,Minas Gerais,315880,Santana do Jacaré,7237,1970
685363026faa8226c1cfc6e2,2010,31,Minas Gerais,315890,Santana do Manhuaçu,7353,1770
685363026faa8226c1cfc6e3,2010,31,Minas Gerais,315895,Santana do Paraíso,7766,1150
685363026faa8226c1cfc6e4,2010,31,Minas Gerais,315900,Santana do Riacho,7502,1530
685363026faa8226c1cfc6e5,2010,31,Minas Gerais,315910,Santana dos Montes,7304,1850
685363026faa8226c1cfc6e6,2010,31,Minas Gerais,315920,Santa Rita de Caldas,7436,1630
685363026faa8226c1cfc6e7,2010,31,Minas Gerais,315930,Santa Rita de Jacutinga,7458,1600
685363026faa8226c1cfc6e8,2010,31,Minas Gerais,315935,Santa Rita de Minas,7248,1950
685363026faa8226c1cfc6e9,2010,31,Minas Gerais,315940,Santa Rita de Ibitipoca,726,1930
685363026faa8226c1cfc6ea,2010,31,Minas Gerais,315950,Santa Rita do Itueto,7176,2080
685363026faa8226c1cfc6eb,2010,31,Minas Gerais,315960,Santa Rita do Sapucaí,748,1560
685363026faa8226c1cfc6ec,2010,31,Minas Gerais,315970,Santa Rosa da Serra,7695,1250
685363026faa8226c1cfc6ed,2010,31,Minas Gerais,315980,Santa Vitória,7688,1260
685363026faa8226c1cfc6ee,2010,31,Minas Gerais,315990,Santo Antônio do Amparo,7439,1630
685363026faa8226c1cfc6ef,2010,31,Minas Gerais,316000,Santo Antônio do Aventureiro,7545,1460
685363026faa8226c1cfc6f0,2010,31,Minas Gerais,316010,Santo Antônio do Grama,7436,1630
685363026faa8226c1cfc6f1,2010,31,Minas Gerais,316020,Santo Antônio do Itambé,7265,1920
685363026faa8226c1cfc6f2,2010,31,Minas Gerais,316030,Santo Antônio do Jacinto,7133,2160
685363026faa8226c1cfc6f3,2010,31,Minas Gerais,316040,Santo Antônio do Monte,7537,1480
685363026faa8226c1cfc6f4,2010,31,Minas Gerais,316045,Santo Antônio do Retiro,7203,2030
685363026faa8226c1cfc6f5,2010,31,Minas Gerais,316050,Santo Antônio do Rio Abaixo,7439,1630
685363026faa8226c1cfc6f6,2010,31,Minas Gerais,316060,Santo Hipólito,7444,1620
685363026faa8226c1cfc6f7,2010,31,Minas Gerais,316070,Santos Dumont,7584,1410
685363026faa8226c1cfc6f8,2010,31,Minas Gerais,316080,São Bento Abade,7303,1850
685363026faa8226c1cfc6f9,2010,31,Minas Gerais,316090,São Brás do Suaçuí,7304,1850
685363026faa8226c1cfc6fa,2010,31,Minas Gerais,316095,São Domingos das Dores,7301,1860
685363026faa8226c1cfc6fb,2010,31,Minas Gerais,316100,São Domingos do Prata,7436,1630
685363026faa8226c1cfc6fc,2010,31,Minas Gerais,316105,São Félix de Minas,7268,1920
685363026faa8226c1cfc6fd,2010,31,Minas Gerais,316110,São Francisco,7326,1820
685363026faa8226c1cfc6fe,2010,31,Minas Gerais,316120,São Francisco de Paula,7369,1740
685363026faa8226c1cfc6ff,2010,31,Minas Gerais,316130,São Francisco de Sales,7701,1240
685363026faa8226c1cfc700,2010,31,Minas Gerais,316140,São Francisco do Glória,7496,1540
685363026faa8226c1cfc701,2010,31,Minas Gerais,316150,São Geraldo,7485,1560
685363026faa8226c1cfc702,2010,31,Minas Gerais,316160,São Geraldo da Piedade,7143,2140
685363026faa8226c1cfc703,2010,31,Minas Gerais,316165,São Geraldo do Baixio,7443,1620
685363026faa8226c1cfc704,2010,31,Minas Gerais,316170,São Gonçalo do Abaeté,7275,1900
685363026faa8226c1cfc705,2010,31,Minas Gerais,316180,São Gonçalo do Pará,7553,1450
685363026faa8226c1cfc706,2010,31,Minas Gerais,316190,São Gonçalo do Rio Abaixo,7252,1940
685363026faa8226c1cfc707,2010,31,Minas Gerais,316200,São Gonçalo do Sapucaí,7599,1380
685363026faa8226c1cfc708,2010,31,Minas Gerais,316210,São Gotardo,7627,1340
685363026faa8226c1cfc709,2010,31,Minas Gerais,316220,São João Batista do Glória,7569,1430
685363026faa8226c1cfc70a,2010,31,Minas Gerais,316225,São João da Lagoa,7378,1730
685363026faa8226c1cfc70b,2010,31,Minas Gerais,316230,São João da Mata,7429,1640
685363026faa8226c1cfc70c,2010,31,Minas Gerais,316240,São João da Ponte,7217,2010
685363026faa8226c1cfc70d,2010,31,Minas Gerais,316245,São João das Missões,7157,2120
685363026faa8226c1cfc70e,2010,31,Minas Gerais,316250,São João del Rei,7657,1300
685363026faa8226c1cfc70f,2010,31,Minas Gerais,316255,São João do Manhuaçu,7516,1510
685363026faa8226c1cfc710,2010,31,Minas Gerais,316257,São João do Manteninha,733,1810
685363026faa8226c1cfc711,2010,31,Minas Gerais,316260,São João do Oriente,7332,1810
685363026faa8226c1cfc712,2010,31,Minas Gerais,316265,São João do Pacuí,7285,1880
685363026faa8226c1cfc713,2010,31,Minas Gerais,316270,São João do Paraíso,7346,1780
685363026faa8226c1cfc714,2010,31,Minas Gerais,316280,São João Evangelista,7337,1800
685363026faa8226c1cfc715,2010,31,Minas Gerais,316290,São João Nepomuceno,7598,1390
685363026faa8226c1cfc716,2010,31,Minas Gerais,316292,São Joaquim de Bicas,7562,1440
685363026faa8226c1cfc717,2010,31,Minas Gerais,316294,São José da Barra,7756,1170
685363026faa8226c1cfc718,2010,31,Minas Gerais,316295,São José da Lapa,7563,1440
685363026faa8226c1cfc719,2010,31,Minas Gerais,316300,São José da Safira,7091,2240
685363026faa8226c1cfc71a,2010,31,Minas Gerais,316310,São José da Varginha,7641,1320
685363026faa8226c1cfc71b,2010,31,Minas Gerais,316320,São José do Alegre,752,1500
685363026faa8226c1cfc71c,2010,31,Minas Gerais,316330,São José do Divino,717,2090
685363026faa8226c1cfc71d,2010,31,Minas Gerais,316340,São José do Goiabal,7383,1720
685363026faa8226c1cfc71e,2010,31,Minas Gerais,316350,São José do Jacuri,6996,2440
685363026faa8226c1cfc71f,2010,31,Minas Gerais,316360,São José do Mantimento,7436,1630
685363026faa8226c1cfc720,2010,31,Minas Gerais,316370,São Lourenço,7728,1150
685363026faa8226c1cfc721,2010,31,Minas Gerais,316380,São Miguel do Anta,747,1580
685363026faa8226c1cfc722,2010,31,Minas Gerais,316390,São Pedro da União,7516,1510
685363026faa8226c1cfc723,2010,31,Minas Gerais,316400,São Pedro dos Ferros,7234,1980
685363026faa8226c1cfc724,2010,31,Minas Gerais,316410,São Pedro do Suaçuí,7208,2020
685363026faa8226c1cfc725,2010,31,Minas Gerais,316420,São Romão,7222,2000
685363026faa8226c1cfc726,2010,31,Minas Gerais,316430,São Roque de Minas,7527,1490
685363026faa8226c1cfc727,2010,31,Minas Gerais,316440,São Sebastião da Bela Vista,7587,1400
685363026faa8226c1cfc728,2010,31,Minas Gerais,316443,São Sebastião da Vargem Alegre,7464,1590
685363026faa8226c1cfc729,2010,31,Minas Gerais,316447,São Sebastião do Anta,7098,2230
685363026faa8226c1cfc72a,2010,31,Minas Gerais,316450,São Sebastião do Maranhão,7394,1700
685363026faa8226c1cfc72b,2010,31,Minas Gerais,316460,São Sebastião do Oeste,749,1550
685363026faa8226c1cfc72c,2010,31,Minas Gerais,316470,São Sebastião do Paraíso,7515,1510
685363026faa8226c1cfc72d,2010,31,Minas Gerais,316480,São Sebastião do Rio Preto,7355,1760
685363026faa8226c1cfc72e,2010,31,Minas Gerais,316490,São Sebastião do Rio Verde,7571,1430
685363026faa8226c1cfc72f,2010,31,Minas Gerais,316500,São Tiago,7448,1610
685363026faa8226c1cfc730,2010,31,Minas Gerais,316510,São Tomás de Aquino,7746,1180
685363026faa8226c1cfc731,2010,31,Minas Gerais,316520,São Thomé das Letras,7303,1850
685363026faa8226c1cfc732,2010,31,Minas Gerais,316530,São Vicente de Minas,7572,1420
685363026faa8226c1cfc733,2010,31,Minas Gerais,316540,Sapucaí-Mirim,7549,1460
685363026faa8226c1cfc734,2010,31,Minas Gerais,316550,Sardoá,7371,1740
685363026faa8226c1cfc735,2010,31,Minas Gerais,316553,Sarzedo,7728,1200
685363026faa8226c1cfc736,2010,31,Minas Gerais,316555,Setubinha,696,2510
685363026faa8226c1cfc737,2010,31,Minas Gerais,316556,Sem-Peixe,7457,1600
685363026faa8226c1cfc738,2010,31,Minas Gerais,316557,Senador Amaral,7425,1650
685363026faa8226c1cfc739,2010,31,Minas Gerais,316560,Senador Cortes,7505,1530
685363026faa8226c1cfc73a,2010,31,Minas Gerais,316570,Senador Firmino,7475,1570
685363026faa8226c1cfc73b,2010,31,Minas Gerais,316580,Senador José Bento,7441,1620
685363026faa8226c1cfc73c,2010,31,Minas Gerais,316590,Senador Modestino Gonçalves,7194,2050
685363026faa8226c1cfc73d,2010,31,Minas Gerais,316600,Senhora de Oliveira,7303,1850
685363026faa8226c1cfc73e,2010,31,Minas Gerais,316610,Senhora do Porto,731,1840
685363026faa8226c1cfc73f,2010,31,Minas Gerais,316620,Senhora dos Remédios,7156,2120
685363026faa8226c1cfc740,2010,31,Minas Gerais,316630,Sericita,7156,2120
685363026faa8226c1cfc741,2010,31,Minas Gerais,316640,Seritinga,7617,1360
685363026faa8226c1cfc742,2010,31,Minas Gerais,316650,Serra Azul de Minas,7355,1760
685363026faa8226c1cfc743,2010,31,Minas Gerais,316660,Serra da Saudade,7678,1270
685363026faa8226c1cfc744,2010,31,Minas Gerais,316670,Serra dos Aimorés,7206,2030
685363026faa8226c1cfc745,2010,31,Minas Gerais,316680,Serra do Salitre,7611,1370
685363026faa8226c1cfc746,2010,31,Minas Gerais,316690,Serrania,75,1530
685363026faa8226c1cfc747,2010,31,Minas Gerais,316695,Serranópolis de Minas,7138,2150
685363026faa8226c1cfc748,2010,31,Minas Gerais,316700,Serranos,7505,1520
685363026faa8226c1cfc749,2010,31,Minas Gerais,316710,Serro,7501,1530
685363026faa8226c1cfc74a,2010,31,Minas Gerais,316720,Sete Lagoas,7537,1480
685363026faa8226c1cfc74b,2010,31,Minas Gerais,316730,Silveirânia,7545,1460
685363026faa8226c1cfc74c,2010,31,Minas Gerais,316740,Silvianópolis,7687,1260
685363026faa8226c1cfc74d,2010,31,Minas Gerais,316750,Simão Pereira,7557,1450
685363026faa8226c1cfc74e,2010,31,Minas Gerais,316760,Simonésia,7436,1630
685363026faa8226c1cfc74f,2010,31,Minas Gerais,316770,Sobrália,7328,1810
685363026faa8226c1cfc750,2010,31,Minas Gerais,316780,Soledade de Minas,7488,1550
685363026faa8226c1cfc751,2010,31,Minas Gerais,316790,Tabuleiro,7427,1650
685363026faa8226c1cfc752,2010,31,Minas Gerais,316800,Taiobeiras,739,1710
685363026faa8226c1cfc753,2010,31,Minas Gerais,316805,Taparuba,7291,1880
685363026faa8226c1cfc754,2010,31,Minas Gerais,316810,Tapira,758,1410
685363026faa8226c1cfc755,2010,31,Minas Gerais,316820,Tapiraí,7584,1410
685363026faa8226c1cfc756,2010,31,Minas Gerais,316830,Taquaraçu de Minas,7406,1680
685363026faa8226c1cfc757,2010,31,Minas Gerais,316840,Tarumirim,7472,1580
685363026faa8226c1cfc758,2010,31,Minas Gerais,316850,Teixeiras,7326,1810
685363026faa8226c1cfc759,2010,31,Minas Gerais,316860,Teófilo Otoni,7445,1620
685363026faa8226c1cfc75a,2010,31,Minas Gerais,316870,Timóteo,7514,1510
685363026faa8226c1cfc75b,2010,31,Minas Gerais,316880,Tiradentes,781,1100
685363026faa8226c1cfc75c,2010,31,Minas Gerais,316890,Tiros,7613,1360
685363026faa8226c1cfc75d,2010,31,Minas Gerais,316900,Tocantins,7299,1860
685363026faa8226c1cfc75e,2010,31,Minas Gerais,316905,Tocos do Moji,7349,1780
685363026faa8226c1cfc75f,2010,31,Minas Gerais,316910,Toledo,7314,1840
685363026faa8226c1cfc760,2010,31,Minas Gerais,316920,Tombos,7723,1210
685363026faa8226c1cfc761,2010,31,Minas Gerais,316930,Três Corações,7628,1340
685363026faa8226c1cfc762,2010,31,Minas Gerais,316935,Três Marias,7693,1250
685363026faa8226c1cfc763,2010,31,Minas Gerais,316940,Três Pontas,7598,1390
685363026faa8226c1cfc764,2010,31,Minas Gerais,316950,Tumiritinga,7463,1590
685363026faa8226c1cfc765,2010,31,Minas Gerais,316960,Tupaciguara,7678,1270
685363026faa8226c1cfc766,2010,31,Minas Gerais,316970,Turmalina,7398,1700
685363026faa8226c1cfc767,2010,31,Minas Gerais,316980,Turvolândia,7471,1580
685363026faa8226c1cfc768,2010,31,Minas Gerais,316990,Ubá,7545,1460
685363026faa8226c1cfc769,2010,31,Minas Gerais,317000,Ubaí,7222,2000
685363026faa8226c1cfc76a,2010,31,Minas Gerais,317005,Ubaporanga,7332,1810
685363026faa8226c1cfc76b,2010,31,Minas Gerais,317010,Uberaba,7571,1400
685363026faa8226c1cfc76c,2010,31,Minas Gerais,317020,Uberlândia,7809,1068
685363026faa8226c1cfc76d,2010,31,Minas Gerais,317030,Umburatiba,7388,1710
685363026faa8226c1cfc76e,2010,31,Minas Gerais,317040,Unaí,7583,1410
685363026faa8226c1cfc76f,2010,31,Minas Gerais,317043,União de Minas,7473,1570
685363026faa8226c1cfc770,2010,31,Minas Gerais,317047,Uruana de Minas,726,1930
685363026faa8226c1cfc771,2010,31,Minas Gerais,317050,Urucânia,7367,1750
685363026faa8226c1cfc772,2010,31,Minas Gerais,317052,Urucuia,7188,2060
685363026faa8226c1cfc773,2010,31,Minas Gerais,317057,Vargem Alegre,7412,1670
685363026faa8226c1cfc774,2010,31,Minas Gerais,317060,Vargem Bonita,758,1410
685363026faa8226c1cfc775,2010,31,Minas Gerais,317065,Vargem Grande do Rio Pardo,7363,1750
685363026faa8226c1cfc776,2010,31,Minas Gerais,317070,Varginha,7749,1221
685363026faa8226c1cfc777,2010,31,Minas Gerais,317075,Varjão de Minas,7579,1410
685363026faa8226c1cfc778,2010,31,Minas Gerais,317080,Várzea da Palma,7383,1720
685363026faa8226c1cfc779,2010,31,Minas Gerais,317090,Varzelândia,7337,1800
685363026faa8226c1cfc77a,2010,31,Minas Gerais,317100,Vazante,7696,1250
685363026faa8226c1cfc77b,2010,31,Minas Gerais,317103,Verdelândia,7281,1890
685363026faa8226c1cfc77c,2010,31,Minas Gerais,317107,Veredinha,7211,2020
685363026faa8226c1cfc77d,2010,31,Minas Gerais,317110,Veríssimo,7716,1220
685363026faa8226c1cfc77e,2010,31,Minas Gerais,317115,Vermelho Novo,7237,1970
685363026faa8226c1cfc77f,2010,31,Minas Gerais,317120,Vespasiano,7365,1532
685363026faa8226c1cfc780,2010,31,Minas Gerais,317130,Viçosa,7796,1112
685363026faa8226c1cfc781,2010,31,Minas Gerais,317140,Vieiras,7347,1780
685363026faa8226c1cfc782,2010,31,Minas Gerais,317150,Mathias Lobato,7271,1910
685363026faa8226c1cfc783,2010,31,Minas Gerais,317160,Virgem da Lapa,7283,1890
685363026faa8226c1cfc784,2010,31,Minas Gerais,317170,Virgínia,7473,1570
685363026faa8226c1cfc785,2010,31,Minas Gerais,317180,Virginópolis,7486,1560
685363026faa8226c1cfc786,2010,31,Minas Gerais,317190,Virgolândia,7271,1910
685363026faa8226c1cfc787,2010,31,Minas Gerais,317200,Visconde do Rio Branco,7597,1390
685363026faa8226c1cfc788,2010,31,Minas Gerais,317210,Volta Grande,7545,1460
685363026faa8226c1cfc789,2010,31,Minas Gerais,317220,Wenceslau Braz,7553,1450
